"year","month","id","below","normal","above"
2017,3,"58504f1a006cb93ed40eebdd",12.8492507337795,40.735818103237,46.4149311629835
2017,3,"58504f1a006cb93ed40eebde",14.3919192585829,38.8962263286221,46.711854412795
2017,3,"58504f1a006cb93ed40eebdf",16.5693169997466,31.4526380994302,51.9780449008232
2017,3,"58504f1a006cb93ed40eebe0",15.0296802083498,37.6046035633619,47.3657162282884
2017,3,"58504f1a006cb93ed40eebe1",15.8579291537496,20.866319759079,63.2757510871715
2017,3,"58504f1a006cb93ed40eebe2",10.5623701479709,58.5924653806575,30.8451644713717
2017,3,"58504f1a006cb93ed40eebe3",19.1074258127877,32.8786477530735,48.0139264341387
2017,3,"58504f1a006cb93ed40eebe4",12.4665682524152,35.6877450218531,51.8456867257317
2017,3,"58504f1a006cb93ed40eebe5",15.9899270267593,34.6694305124642,49.3406424607765
2017,4,"58504f1a006cb93ed40eebdd",8.95135523021393,12.2960734277182,78.7525713420679
2017,4,"58504f1a006cb93ed40eebde",20.5404946108413,19.751950284904,59.7075551042547
2017,4,"58504f1a006cb93ed40eebdf",26.9778402648251,33.3888821397556,39.6332775954193
2017,4,"58504f1a006cb93ed40eebe0",15.5657751455612,26.7939133283746,57.6403115260643
2017,4,"58504f1a006cb93ed40eebe1",6.65794028140701,21.3413669908328,72.0006927277602
2017,4,"58504f1a006cb93ed40eebe2",6.53007075543505,40.7017739809143,52.7681552636506
2017,4,"58504f1a006cb93ed40eebe3",10.5187622278442,25.8889660987318,63.592271673424
2017,4,"58504f1a006cb93ed40eebe4",10.1245294750104,24.2161227149628,65.6593478100268
2017,4,"58504f1a006cb93ed40eebe5",12.6823980406411,37.6166058764735,49.7009960828854
2017,5,"58504f1a006cb93ed40eebdd",9.57470671153976,27.1945483284936,63.2307449599666
2017,5,"58504f1a006cb93ed40eebde",24.1848047711358,23.0264883757561,52.7887068531081
2017,5,"58504f1a006cb93ed40eebdf",52.9132056006701,19.7638319449642,27.3229624543658
2017,5,"58504f1a006cb93ed40eebe0",13.9225798869956,26.7904677316102,59.2869523813941
2017,5,"58504f1a006cb93ed40eebe1",7.26838060415395,25.2773015667647,67.4543178290814
2017,5,"58504f1a006cb93ed40eebe2",3.58119123075181,41.5900788234627,54.8287299457855
2017,5,"58504f1a006cb93ed40eebe3",11.9124258247879,21.8959413142085,66.1916328610036
2017,5,"58504f1a006cb93ed40eebe4",21.3439400635683,21.9730415887924,56.6830183476393
2017,5,"58504f1a006cb93ed40eebe5",11.856371851202,31.1367448026229,57.0068833461751
2017,6,"58504f1a006cb93ed40eebdd",29.5105686261038,33.2133753903173,37.2760559835788
2017,6,"58504f1a006cb93ed40eebde",66.048985848432,19.71330062465,14.237713526918
2017,6,"58504f1a006cb93ed40eebdf",76.405524876046,14.4991859050737,9.09528921888029
2017,6,"58504f1a006cb93ed40eebe0",23.3738785208473,32.4966844780527,44.1294370011
2017,6,"58504f1a006cb93ed40eebe1",19.3985845858341,23.546090659953,57.0553247542129
2017,6,"58504f1a006cb93ed40eebe2",18.4830495678115,32.8623390986172,48.6546113335713
2017,6,"58504f1a006cb93ed40eebe3",5.59880406342873,14.0798257910886,80.3213701454826
2017,6,"58504f1a006cb93ed40eebe4",43.2603767698348,23.0008694743202,33.738753755845
2017,6,"58504f1a006cb93ed40eebe5",52.2943391022319,22.500266284461,25.2053946133072
2017,7,"58504f1a006cb93ed40eebdd",54.5572970905003,26.7242853953681,18.7184175141316
2017,7,"58504f1a006cb93ed40eebde",50.2929377755343,24.1533010009099,25.5537612235559
2017,7,"58504f1a006cb93ed40eebdf",56.4531900465697,26.8680886250301,16.6787213284002
2017,7,"58504f1a006cb93ed40eebe0",61.5298447830135,24.6795076269516,13.7906475900349
2017,7,"58504f1a006cb93ed40eebe1",53.5100639317454,24.9234121694287,21.5665238988259
2017,7,"58504f1a006cb93ed40eebe2",52.1139307496657,29.9584082217465,17.9276610285877
2017,7,"58504f1a006cb93ed40eebe3",45.8617555589932,33.9947682923529,20.1434761486539
2017,7,"58504f1a006cb93ed40eebe4",45.8770503818769,30.7655450510762,23.3574045670469
2017,7,"58504f1a006cb93ed40eebe5",57.5495894207783,25.2864642670233,17.1639463121985
2017,8,"58504f1a006cb93ed40eebdd",46.3064281010002,26.9731025321432,26.7204693668566
2017,8,"58504f1a006cb93ed40eebde",50.0655195149494,17.013756076134,32.9207244089166
2017,8,"58504f1a006cb93ed40eebdf",46.2946008242891,35.1770016157233,18.5283975599876
2017,8,"58504f1a006cb93ed40eebe0",57.6181807606772,20.2251721344029,22.1566471049199
2017,8,"58504f1a006cb93ed40eebe1",49.2777078278148,19.020203163044,31.7020890091412
2017,8,"58504f1a006cb93ed40eebe2",53.5803712963246,22.2544259652558,24.1652027384195
2017,8,"58504f1a006cb93ed40eebe3",43.0314836625924,33.8752399198132,23.0932764175944
2017,8,"58504f1a006cb93ed40eebe4",49.8972805975677,22.3620748824135,27.7406445200189
2017,8,"58504f1a006cb93ed40eebe5",49.5319385298221,19.3782197333812,31.0898417367966
2017,3,"58504f4f006cb93ed40eebfd",23.7042130995024,36.6970450227399,39.5987418777577
2017,3,"58504f4f006cb93ed40eebfe",28.1775784300408,30.4207798836158,41.4016416863434
2017,3,"58504f4f006cb93ed40eebff",27.6635211014938,22.0361125427488,50.3003663557574
2017,3,"58504f4f006cb93ed40eec00",21.9658207076355,28.0453109719476,49.9888683204169
2017,3,"58504f4f006cb93ed40eec01",24.1265465483305,37.0495769614922,38.8238764901773
2017,3,"58504f4f006cb93ed40eec02",17.4056838051694,38.5992072096029,43.9951089852277
2017,3,"58504f4f006cb93ed40eec03",19.3255080349497,31.8889773414064,48.7855146236439
2017,3,"58504f4f006cb93ed40eec04",22.9694489694213,30.6162774530801,46.4142735774986
2017,3,"58504f4f006cb93ed40eec05",17.9338746955151,41.5681755256797,40.4979497788052
2017,3,"58504f4f006cb93ed40eec06",24.5317904002761,19.1645388071613,56.3036707925626
2017,3,"58504f4f006cb93ed40eec07",19.7716780050353,36.9290182186572,43.2993037763076
2017,3,"58504f4f006cb93ed40eec08",22.0053669436015,29.4694851479516,48.5251479084469
2017,3,"58504f4f006cb93ed40eec09",28.8010393944901,29.0131111049032,42.1858495006067
2017,3,"58504f4f006cb93ed40eec0a",18.5827842425991,30.5604856025981,50.8567301548027
2017,3,"58504f4f006cb93ed40eec0b",14.4194972108473,40.1152754477353,45.4652273414174
2017,3,"58504f4f006cb93ed40eec0c",18.8602985972339,34.5240386278858,46.6156627748803
2017,3,"58504f4f006cb93ed40eec0d",18.4441254941076,32.3153026204197,49.2405718854727
2017,3,"58504f4f006cb93ed40eec0e",19.051033474403,36.4952366870414,44.4537298385556
2017,3,"58504f4f006cb93ed40eec0f",16.8057226650614,34.7940848293619,48.4001925055767
2017,3,"58504f4f006cb93ed40eec10",17.0640366050815,38.6354286595208,44.3005347353978
2017,3,"58504f4f006cb93ed40eec11",22.5412788351454,33.0278894505668,44.4308317142879
2017,3,"58504f4f006cb93ed40eec12",15.2959657920241,37.7735802505891,46.9304539573868
2017,3,"58504f4f006cb93ed40eec13",20.2684815322679,26.7724116402261,52.959106827506
2017,3,"58504f4f006cb93ed40eec14",19.6874137843674,37.0108191314207,43.3017670842119
2017,3,"58504f4f006cb93ed40eec15",21.741494711339,28.2674635991869,49.9910416894741
2017,3,"58504f4f006cb93ed40eec16",21.852136688191,37.3371476945913,40.8107156172177
2017,3,"58504f4f006cb93ed40eec17",22.3426219809154,34.7863460584156,42.871031960669
2017,3,"58504f4f006cb93ed40eec18",25.8652380447895,31.5274440163003,42.6073179389102
2017,3,"58504f4f006cb93ed40eec19",19.8747996446952,40.9233272029652,39.2018731523396
2017,3,"58504f4f006cb93ed40eec1a",21.1731047384598,31.368470699523,47.4584245620172
2017,3,"58504f4f006cb93ed40eec1b",23.8013526589856,19.3917970642943,56.8068502767201
2017,3,"58504f4f006cb93ed40eec1c",25.7574429514038,26.8552768017717,47.3872802468244
2017,3,"58504f4f006cb93ed40eec1d",22.1573182846266,25.9354014477269,51.9072802676465
2017,3,"58504f4f006cb93ed40eec1e",14.6645462035334,49.7502053519026,35.585248444564
2017,4,"58504f4f006cb93ed40eebfd",23.0522780884602,19.4913599829746,57.4563619285652
2017,4,"58504f4f006cb93ed40eebfe",14.1012134635717,32.4657343062714,53.4330522301568
2017,4,"58504f4f006cb93ed40eebff",19.4173125167776,35.4806526761875,45.1020348070349
2017,4,"58504f4f006cb93ed40eec00",20.3989710189515,31.7772759014245,47.8237530796241
2017,4,"58504f4f006cb93ed40eec01",19.4637777691486,35.750069626634,44.7861526042174
2017,4,"58504f4f006cb93ed40eec02",16.5609787713318,35.1560631035154,48.2829581251528
2017,4,"58504f4f006cb93ed40eec03",18.9366147737121,15.7915341528768,65.2718510734111
2017,4,"58504f4f006cb93ed40eec04",26.8572112996571,23.8950280431941,49.2477606571488
2017,4,"58504f4f006cb93ed40eec05",23.9476374321269,18.3729450063978,57.6794175614753
2017,4,"58504f4f006cb93ed40eec06",16.4470705664029,37.2230802881845,46.3298491454126
2017,4,"58504f4f006cb93ed40eec07",12.4452564866124,42.9981416162731,44.5566018971145
2017,4,"58504f4f006cb93ed40eec08",19.9667629568787,23.6037709539334,56.4294660891879
2017,4,"58504f4f006cb93ed40eec09",14.2805211666861,36.9906960536423,48.7287827796716
2017,4,"58504f4f006cb93ed40eec0a",16.2921461323469,34.0930574227471,49.614796444906
2017,4,"58504f4f006cb93ed40eec0b",11.5877103762556,40.3576531243053,48.054636499439
2017,4,"58504f4f006cb93ed40eec0c",19.1065614210561,28.6616271864191,52.2318113925248
2017,4,"58504f4f006cb93ed40eec0d",13.8012081214122,31.214578700488,54.9842131780998
2017,4,"58504f4f006cb93ed40eec0e",11.4009541597674,36.9298925813213,51.6691532589113
2017,4,"58504f4f006cb93ed40eec0f",16.410347813737,36.6811034099227,46.9085487763403
2017,4,"58504f4f006cb93ed40eec10",15.4942080008253,32.646483525814,51.8593084733607
2017,4,"58504f4f006cb93ed40eec11",12.612618428842,29.3558208521137,58.0315607190443
2017,4,"58504f4f006cb93ed40eec12",13.6228990722313,31.7010783515624,54.6760225762063
2017,4,"58504f4f006cb93ed40eec13",21.407786366233,23.6670844579434,54.9251291758236
2017,4,"58504f4f006cb93ed40eec14",18.8903063368239,22.2551526121412,58.8545410510349
2017,4,"58504f4f006cb93ed40eec15",13.8264488182468,28.0844629299725,58.0890882517807
2017,4,"58504f4f006cb93ed40eec16",11.6445100382379,41.3480604931826,47.0074294685795
2017,4,"58504f4f006cb93ed40eec17",18.1416487743397,40.3258293364284,41.5325218892318
2017,4,"58504f4f006cb93ed40eec18",30.9153840671649,28.0520843385368,41.0325315942984
2017,4,"58504f4f006cb93ed40eec19",13.9540187861162,33.5955984720538,52.45038274183
2017,4,"58504f4f006cb93ed40eec1a",20.3186942320874,29.8762395837805,49.8050661841322
2017,4,"58504f4f006cb93ed40eec1b",29.0135620480382,18.7557082913208,52.230729660641
2017,4,"58504f4f006cb93ed40eec1c",23.6115857962179,25.225532452643,51.1628817511391
2017,4,"58504f4f006cb93ed40eec1d",13.0382849701878,33.3750525191459,53.5866625106663
2017,4,"58504f4f006cb93ed40eec1e",20.7648521052367,25.2789868328342,53.9561610619291
2017,5,"58504f4f006cb93ed40eebfd",24.5869634691087,16.8423047597385,58.5707317711528
2017,5,"58504f4f006cb93ed40eebfe",16.8992464652676,36.7342139227338,46.3665396119986
2017,5,"58504f4f006cb93ed40eebff",26.4531293312623,32.5749939830208,40.9718766857169
2017,5,"58504f4f006cb93ed40eec00",20.3772313297668,31.8684956009418,47.7542730692914
2017,5,"58504f4f006cb93ed40eec01",26.0641935467814,36.6026107358911,37.3331957173275
2017,5,"58504f4f006cb93ed40eec02",16.5997185716159,48.790055362656,34.6102260657281
2017,5,"58504f4f006cb93ed40eec03",20.2232710173131,26.2456340407128,53.5310949419741
2017,5,"58504f4f006cb93ed40eec04",22.4845135636586,25.1261288408715,52.3893575954699
2017,5,"58504f4f006cb93ed40eec05",24.2034366965846,18.9630934991924,56.8334698042231
2017,5,"58504f4f006cb93ed40eec06",20.1684094226998,31.1013273051729,48.7302632721273
2017,5,"58504f4f006cb93ed40eec07",18.3897581999958,23.70138102233,57.9088607776742
2017,5,"58504f4f006cb93ed40eec08",19.0760996402167,35.6607112657704,45.263189094013
2017,5,"58504f4f006cb93ed40eec09",27.3060407564004,26.8270638832181,45.8668953603816
2017,5,"58504f4f006cb93ed40eec0a",16.1203428420949,37.3944700799654,46.4851870779396
2017,5,"58504f4f006cb93ed40eec0b",19.3173749802862,28.8037423640979,51.8788826556159
2017,5,"58504f4f006cb93ed40eec0c",21.2652068372105,28.7522191188572,49.9825740439323
2017,5,"58504f4f006cb93ed40eec0d",14.169816569526,42.8838415598749,42.9463418705991
2017,5,"58504f4f006cb93ed40eec0e",23.7443930277668,26.590795792909,49.6648111793242
2017,5,"58504f4f006cb93ed40eec0f",26.0960959590876,36.4796697535778,37.4242342873346
2017,5,"58504f4f006cb93ed40eec10",18.0551753254922,28.6007676055392,53.3440570689686
2017,5,"58504f4f006cb93ed40eec11",14.9354236912679,25.9721762387724,59.0924000699597
2017,5,"58504f4f006cb93ed40eec12",16.380877200474,36.2091864542638,47.4099363452622
2017,5,"58504f4f006cb93ed40eec13",22.3197786140778,33.5504894503036,44.1297319356186
2017,5,"58504f4f006cb93ed40eec14",22.4326990197584,29.362399047833,48.2049019324087
2017,5,"58504f4f006cb93ed40eec15",22.2023756298831,23.0883248180827,54.7092995520342
2017,5,"58504f4f006cb93ed40eec16",17.0562401691209,30.0360495978542,52.9077102330249
2017,5,"58504f4f006cb93ed40eec17",21.1549563981311,41.4535092777451,37.3915343241239
2017,5,"58504f4f006cb93ed40eec18",25.9986826421959,26.4320572718372,47.569260085967
2017,5,"58504f4f006cb93ed40eec19",23.4291828796088,25.2572312003697,51.3135859200215
2017,5,"58504f4f006cb93ed40eec1a",29.6840565639731,28.6667288456399,41.649214590387
2017,5,"58504f4f006cb93ed40eec1b",22.3700351277446,24.8098561141145,52.8201087581409
2017,5,"58504f4f006cb93ed40eec1c",28.3133448832665,24.7865727403589,46.9000823763746
2017,5,"58504f4f006cb93ed40eec1d",26.0102185152934,24.8872622308552,49.1025192538514
2017,5,"58504f4f006cb93ed40eec1e",25.7105783714208,24.9392442953781,49.3501773332011
2017,6,"58504f4f006cb93ed40eebfd",26.3572059525521,19.4206453803344,54.2221486671135
2017,6,"58504f4f006cb93ed40eebfe",18.2258517286651,38.4934593349616,43.2806889363733
2017,6,"58504f4f006cb93ed40eebff",22.6738740615648,23.5919099422374,53.7342159961978
2017,6,"58504f4f006cb93ed40eec00",19.5337713130886,36.0811371731174,44.385091513794
2017,6,"58504f4f006cb93ed40eec01",13.2698043803085,34.8189742076193,51.9112214120722
2017,6,"58504f4f006cb93ed40eec02",21.2616187807631,41.6011297146169,37.13725150462
2017,6,"58504f4f006cb93ed40eec03",27.9202874146311,20.2197885875272,51.8599239978416
2017,6,"58504f4f006cb93ed40eec04",18.7602379050382,31.3793779073115,49.8603841876503
2017,6,"58504f4f006cb93ed40eec05",14.4157480046287,30.2170077365353,55.367244258836
2017,6,"58504f4f006cb93ed40eec06",22.9938682883706,31.2763758135719,45.7297558980575
2017,6,"58504f4f006cb93ed40eec07",19.3571792278399,27.5505208861414,53.0922998860187
2017,6,"58504f4f006cb93ed40eec08",23.6427017312188,27.5358689386653,48.8214293301158
2017,6,"58504f4f006cb93ed40eec09",20.9487610936237,23.6451800208043,55.406058885572
2017,6,"58504f4f006cb93ed40eec0a",28.6460791545648,29.218858349147,42.1350624962882
2017,6,"58504f4f006cb93ed40eec0b",18.1221624810731,23.0304296017801,58.8474079171468
2017,6,"58504f4f006cb93ed40eec0c",25.431956213166,27.6245672009975,46.9434765858365
2017,6,"58504f4f006cb93ed40eec0d",15.7274384380058,41.1272687283217,43.1452928336725
2017,6,"58504f4f006cb93ed40eec0e",24.5459467664957,22.8742348010747,52.5798184324296
2017,6,"58504f4f006cb93ed40eec0f",31.1397183728664,37.487579402504,31.3727022246297
2017,6,"58504f4f006cb93ed40eec10",18.3989858734972,18.8141848652805,62.7868292612223
2017,6,"58504f4f006cb93ed40eec11",20.3334721298064,27.4081777878941,52.2583500822995
2017,6,"58504f4f006cb93ed40eec12",17.4806212905636,18.1141886555025,64.4051900539338
2017,6,"58504f4f006cb93ed40eec13",25.1286038966057,17.9551618854566,56.9162342179377
2017,6,"58504f4f006cb93ed40eec14",25.5740067654638,20.5232388288536,53.9027544056826
2017,6,"58504f4f006cb93ed40eec15",29.3216668507681,16.0620075740183,54.6163255752135
2017,6,"58504f4f006cb93ed40eec16",17.5261316955024,28.6071926077917,53.8666756967059
2017,6,"58504f4f006cb93ed40eec17",17.8026848391746,31.957850041026,50.2394651197994
2017,6,"58504f4f006cb93ed40eec18",19.9924792909103,23.788864595225,56.2186561138647
2017,6,"58504f4f006cb93ed40eec19",23.4065129201298,16.6111670478724,59.9823200319978
2017,6,"58504f4f006cb93ed40eec1a",28.0558943423841,25.1444706502273,46.7996350073886
2017,6,"58504f4f006cb93ed40eec1b",25.6873274152403,19.9951591322404,54.3175134525193
2017,6,"58504f4f006cb93ed40eec1c",29.3479997734751,19.5233338825184,51.1286663440066
2017,6,"58504f4f006cb93ed40eec1d",21.9999350460476,36.8198333311058,41.1802316228466
2017,6,"58504f4f006cb93ed40eec1e",24.8243485511658,26.9053211512954,48.2703302975388
2017,7,"58504f4f006cb93ed40eebfd",16.8742410124717,40.122227004968,43.0035319825603
2017,7,"58504f4f006cb93ed40eebfe",28.9817010648775,37.8094297878253,33.2088691472972
2017,7,"58504f4f006cb93ed40eebff",25.1829099487097,23.8410989408106,50.9759911104798
2017,7,"58504f4f006cb93ed40eec00",22.9904612210348,43.2431523992286,33.7663863797366
2017,7,"58504f4f006cb93ed40eec01",22.0246224380539,21.7499085005576,56.2254690613885
2017,7,"58504f4f006cb93ed40eec02",23.2177846371178,36.3023041922823,40.4799111705999
2017,7,"58504f4f006cb93ed40eec03",33.9768447844473,32.6617812916648,33.361373923888
2017,7,"58504f4f006cb93ed40eec04",22.2683702225759,27.8508199862262,49.8808097911979
2017,7,"58504f4f006cb93ed40eec05",16.7989262509253,36.3491280579274,46.8519456911474
2017,7,"58504f4f006cb93ed40eec06",27.6550396328882,21.4045754238171,50.9403849432947
2017,7,"58504f4f006cb93ed40eec07",29.1118130507672,18.2699270362672,52.6182599129656
2017,7,"58504f4f006cb93ed40eec08",25.6740403754146,25.4168921548038,48.9090674697816
2017,7,"58504f4f006cb93ed40eec09",23.1557504943558,30.5593759878417,46.2848735178025
2017,7,"58504f4f006cb93ed40eec0a",27.5022202818889,37.1497738019442,35.3480059161669
2017,7,"58504f4f006cb93ed40eec0b",21.4331143905245,27.7862632462329,50.7806223632426
2017,7,"58504f4f006cb93ed40eec0c",26.0513062642229,27.161007194327,46.7876865414501
2017,7,"58504f4f006cb93ed40eec0d",16.8144440053707,39.6151030201018,43.5704529745274
2017,7,"58504f4f006cb93ed40eec0e",25.1393446193762,24.997283194292,49.8633721863318
2017,7,"58504f4f006cb93ed40eec0f",15.6894707551932,37.968551394077,46.3419778507297
2017,7,"58504f4f006cb93ed40eec10",20.564737336826,26.6832551571586,52.7520075060153
2017,7,"58504f4f006cb93ed40eec11",18.6370918423575,44.377443412502,36.9854647451405
2017,7,"58504f4f006cb93ed40eec12",24.3671398660678,29.0347873309295,46.5980728030026
2017,7,"58504f4f006cb93ed40eec13",21.3940666527347,33.3130989339388,45.2928344133265
2017,7,"58504f4f006cb93ed40eec14",18.7463947520206,27.0065964607226,54.2470087872568
2017,7,"58504f4f006cb93ed40eec15",25.3543675098071,21.6228134858934,53.0228190042995
2017,7,"58504f4f006cb93ed40eec16",21.9329679168238,37.0912963741399,40.9757357090363
2017,7,"58504f4f006cb93ed40eec17",22.5641199180264,37.5635026621276,39.872377419846
2017,7,"58504f4f006cb93ed40eec18",18.6409066272442,29.4039606052367,51.9551327675191
2017,7,"58504f4f006cb93ed40eec19",32.7487309258792,18.8731795089276,48.3780895651932
2017,7,"58504f4f006cb93ed40eec1a",18.7187710477315,44.1816586444297,37.0995703078388
2017,7,"58504f4f006cb93ed40eec1b",21.0495735491242,29.4087814297584,49.5416450211175
2017,7,"58504f4f006cb93ed40eec1c",25.4071203782129,27.4487166087597,47.1441630130274
2017,7,"58504f4f006cb93ed40eec1d",24.1931329283903,30.7885317889607,45.018335282649
2017,7,"58504f4f006cb93ed40eec1e",21.8722940272634,33.8120608923503,44.3156450803863
2017,8,"58504f4f006cb93ed40eebfd",34.9897131455435,27.5806981070312,37.4295887474253
2017,8,"58504f4f006cb93ed40eebfe",38.4181707029964,18.4015176845667,43.1803116124369
2017,8,"58504f4f006cb93ed40eebff",33.1361806196662,33.6171183660432,33.2467010142905
2017,8,"58504f4f006cb93ed40eec00",32.9743516783641,33.5857863194546,33.4398620021814
2017,8,"58504f4f006cb93ed40eec01",41.1482415769299,29.2804441187992,29.5713143042709
2017,8,"58504f4f006cb93ed40eec02",38.0515939270958,30.8287560985259,31.1196499743783
2017,8,"58504f4f006cb93ed40eec03",31.1097629689808,37.5179016453469,31.3723353856723
2017,8,"58504f4f006cb93ed40eec04",37.1419326020736,32.9544314431289,29.9036359547974
2017,8,"58504f4f006cb93ed40eec05",42.1341560541821,25.7363340185138,32.1295099273041
2017,8,"58504f4f006cb93ed40eec06",44.6727388923805,23.3113297349663,32.0159313726533
2017,8,"58504f4f006cb93ed40eec07",32.538540857231,39.5945974422406,27.8668617005284
2017,8,"58504f4f006cb93ed40eec08",38.766493478626,23.4783071580155,37.7551993633585
2017,8,"58504f4f006cb93ed40eec09",40.3792153427762,31.3686939091646,28.2520907480592
2017,8,"58504f4f006cb93ed40eec0a",40.2416374519437,24.9101983060669,34.8481642419894
2017,8,"58504f4f006cb93ed40eec0b",41.9946469128852,30.6488853752137,27.3564677119011
2017,8,"58504f4f006cb93ed40eec0c",42.1142988289296,33.5850122907933,24.3006888802771
2017,8,"58504f4f006cb93ed40eec0d",40.9786005814222,26.9808697263022,32.0405296922756
2017,8,"58504f4f006cb93ed40eec0e",37.9688717718324,39.4195469369996,22.6115812911681
2017,8,"58504f4f006cb93ed40eec0f",40.0915650438867,32.4431060332528,27.4653289228605
2017,8,"58504f4f006cb93ed40eec10",46.1988232878319,23.59449340085,30.2066833113181
2017,8,"58504f4f006cb93ed40eec11",32.486009032165,38.8413429785897,28.6726479892453
2017,8,"58504f4f006cb93ed40eec12",44.9741868079039,27.0693833673412,27.956429824755
2017,8,"58504f4f006cb93ed40eec13",51.1624453321787,22.3329868583255,26.5045678094958
2017,8,"58504f4f006cb93ed40eec14",39.4316193270574,29.8415565314083,30.7268241415343
2017,8,"58504f4f006cb93ed40eec15",39.2642929586875,33.5910633511492,27.1446436901633
2017,8,"58504f4f006cb93ed40eec16",44.0043686591091,29.7907727056869,26.204858635204
2017,8,"58504f4f006cb93ed40eec17",37.0848421062273,35.9664781708053,26.9486797229675
2017,8,"58504f4f006cb93ed40eec18",42.5545786668518,26.5157675733683,30.92965375978
2017,8,"58504f4f006cb93ed40eec19",30.9401194446281,33.9738517646612,35.0860287907107
2017,8,"58504f4f006cb93ed40eec1a",32.3958705103567,36.7052185826762,30.8989109069672
2017,8,"58504f4f006cb93ed40eec1b",29.9484682558247,36.4084030510098,33.6431286931655
2017,8,"58504f4f006cb93ed40eec1c",45.7101598054821,24.2510489097677,30.0387912847502
2017,8,"58504f4f006cb93ed40eec1d",35.4418141440821,37.6748690244506,26.8833168314673
2017,8,"58504f4f006cb93ed40eec1e",36.7616176009704,26.3899836327889,36.8483987662407
2017,3,"58504f6a006cb93ed40eec73",21.3216744512926,23.0490882546806,55.6292372940268
2017,3,"58504f6a006cb93ed40eec74",28.8816845239777,30.0670513391957,41.0512641368266
2017,3,"58504f6a006cb93ed40eec75",24.1600147623301,31.3247326607327,44.5152525769372
2017,3,"58504f6a006cb93ed40eec76",21.6729068736159,34.9503881234456,43.3767050029385
2017,3,"58504f6a006cb93ed40eec77",27.6095555724149,19.4626400996714,52.9278043279136
2017,3,"58504f6a006cb93ed40eec78",27.5084425844869,20.4566403759792,52.034917039534
2017,3,"58504f6a006cb93ed40eec79",23.7982468698882,30.4238365539549,45.7779165761569
2017,3,"58504f6a006cb93ed40eec7a",23.1843538438732,26.6691262562096,50.1465198999172
2017,3,"58504f6a006cb93ed40eec7b",21.9241279007487,33.1088537675619,44.9670183316894
2017,3,"58504f6a006cb93ed40eec7c",23.897725515622,35.2947391695539,40.8075353148241
2017,3,"58504f6a006cb93ed40eec7d",21.0854932293742,44.7585532381899,34.1559535324358
2017,3,"58504f6a006cb93ed40eec7e",18.9761741650471,33.5669483021754,47.4568775327775
2017,4,"58504f6a006cb93ed40eec73",54.3406580640861,14.9584589983089,30.700882937605
2017,4,"58504f6a006cb93ed40eec74",46.5751110125855,22.3205025525124,31.1043864349021
2017,4,"58504f6a006cb93ed40eec75",42.577179569145,31.0112048031208,26.4116156277342
2017,4,"58504f6a006cb93ed40eec76",40.517157798553,26.0410764434696,33.4417657579774
2017,4,"58504f6a006cb93ed40eec77",42.5993367319822,29.5902329854411,27.8104302825768
2017,4,"58504f6a006cb93ed40eec78",41.4509960515878,27.9842278591946,30.5647760892176
2017,4,"58504f6a006cb93ed40eec79",41.582024375059,37.3649442337125,21.0530313912285
2017,4,"58504f6a006cb93ed40eec7a",41.255114923852,28.028220952366,30.7166641237819
2017,4,"58504f6a006cb93ed40eec7b",36.6363374584576,32.2287236374632,31.1349389040793
2017,4,"58504f6a006cb93ed40eec7c",42.8137139749862,29.2529241265381,27.9333618984756
2017,4,"58504f6a006cb93ed40eec7d",45.0771968312083,31.3731308217364,23.5496723470553
2017,4,"58504f6a006cb93ed40eec7e",35.6961597281953,38.1842230499719,26.1196172218328
2017,5,"58504f6a006cb93ed40eec73",35.7415367113148,37.0843776148997,27.1740856737855
2017,5,"58504f6a006cb93ed40eec74",32.88775234517,43.5126651765001,23.5995824783299
2017,5,"58504f6a006cb93ed40eec75",30.3857107408519,32.2208357443499,37.3934535147982
2017,5,"58504f6a006cb93ed40eec76",32.8990490236194,33.1843961079708,33.9165548684098
2017,5,"58504f6a006cb93ed40eec77",34.986841186267,32.5124651807352,32.5006936329978
2017,5,"58504f6a006cb93ed40eec78",36.9819456559453,28.8697758263367,34.148278517718
2017,5,"58504f6a006cb93ed40eec79",35.8900824165831,24.155105541328,39.9548120420888
2017,5,"58504f6a006cb93ed40eec7a",32.4107593858472,44.1526601549432,23.4365804592096
2017,5,"58504f6a006cb93ed40eec7b",31.7073624966443,38.3535711976386,29.9390663057171
2017,5,"58504f6a006cb93ed40eec7c",38.9241129568637,27.6528441440333,33.423042899103
2017,5,"58504f6a006cb93ed40eec7d",32.831367601986,38.72735576225,28.441276635764
2017,5,"58504f6a006cb93ed40eec7e",30.2637628070196,41.0830622334612,28.6531749595192
2017,6,"58504f6a006cb93ed40eec73",52.5189465971278,13.5794819123197,33.9015714905525
2017,6,"58504f6a006cb93ed40eec74",42.7674383660498,30.2424782908005,26.9900833431496
2017,6,"58504f6a006cb93ed40eec75",35.4589079399262,34.0221210982288,30.518970961845
2017,6,"58504f6a006cb93ed40eec76",53.4420763447769,16.3811897176936,30.1767339375295
2017,6,"58504f6a006cb93ed40eec77",36.9461523287867,40.4681679494131,22.5856797218003
2017,6,"58504f6a006cb93ed40eec78",41.2583180346962,30.5445700084433,28.1971119568605
2017,6,"58504f6a006cb93ed40eec79",44.672154582759,25.635030648747,29.692814768494
2017,6,"58504f6a006cb93ed40eec7a",42.8393804039339,34.4220889674792,22.7385306285869
2017,6,"58504f6a006cb93ed40eec7b",37.7546130222429,26.8398527807277,35.4055341970294
2017,6,"58504f6a006cb93ed40eec7c",40.2564843622681,38.3599482626322,21.3835673750997
2017,6,"58504f6a006cb93ed40eec7d",58.734115845754,15.739591358691,25.526292795555
2017,6,"58504f6a006cb93ed40eec7e",26.3552932896939,53.9392413590246,19.7054653512814
2017,7,"58504f6a006cb93ed40eec73",21.9055681201796,21.9946163236904,56.09981555613
2017,7,"58504f6a006cb93ed40eec74",18.6793319017377,21.7902862141462,59.5303818841161
2017,7,"58504f6a006cb93ed40eec75",22.8338496248808,22.1257589950132,55.040391380106
2017,7,"58504f6a006cb93ed40eec76",18.2990741199259,29.0458000848226,52.6551257952515
2017,7,"58504f6a006cb93ed40eec77",16.6174314892918,32.9121292159721,50.4704392947361
2017,7,"58504f6a006cb93ed40eec78",17.0649441223719,26.6855062349055,56.2495496427227
2017,7,"58504f6a006cb93ed40eec79",20.7681930956411,34.2185838013646,45.0132231029943
2017,7,"58504f6a006cb93ed40eec7a",22.5188732301692,41.903527345438,35.5775994243928
2017,7,"58504f6a006cb93ed40eec7b",16.5087651950582,40.1000174118891,43.3912173930527
2017,7,"58504f6a006cb93ed40eec7c",14.0927908798185,39.2472502401795,46.659958880002
2017,7,"58504f6a006cb93ed40eec7d",14.4781692123475,35.3644536792047,50.1573771084478
2017,7,"58504f6a006cb93ed40eec7e",18.7591599259311,37.2131972301178,44.0276428439512
2017,8,"58504f6a006cb93ed40eec73",60.3677383615953,21.3486735600101,18.2835880783946
2017,8,"58504f6a006cb93ed40eec74",57.687585679785,28.1959538273218,14.1164604928932
2017,8,"58504f6a006cb93ed40eec75",60.1806896979486,22.0400135925912,17.7792967094602
2017,8,"58504f6a006cb93ed40eec76",65.9988251158356,18.0977013187953,15.903473565369
2017,8,"58504f6a006cb93ed40eec77",58.7860826113449,28.1064481887695,13.1074691998856
2017,8,"58504f6a006cb93ed40eec78",56.0084446172466,35.5453105516937,8.44624483105976
2017,8,"58504f6a006cb93ed40eec79",52.9577506615954,38.9764854476502,8.06576389075438
2017,8,"58504f6a006cb93ed40eec7a",52.6375253905396,35.0450191286012,12.3174554808592
2017,8,"58504f6a006cb93ed40eec7b",56.0737373908887,36.3757381367303,7.55052447238095
2017,8,"58504f6a006cb93ed40eec7c",61.3632029167925,27.049065286142,11.5877317970654
2017,8,"58504f6a006cb93ed40eec7d",64.0709524917896,21.5024942569734,14.426553251237
2017,8,"58504f6a006cb93ed40eec7e",47.801176429203,41.2612210456722,10.9376025251248
2017,3,"58504f5d006cb93ed40eec39",23.8604873667611,46.3489402081187,29.7905724251202
2017,3,"58504f5d006cb93ed40eec3a",36.6095492951311,28.5464509787813,34.8439997260876
2017,3,"58504f5d006cb93ed40eec3b",31.8821207885768,27.8618098092175,40.2560694022057
2017,3,"58504f5d006cb93ed40eec3c",32.7498208710097,33.2026582352473,34.0475208937429
2017,3,"58504f5d006cb93ed40eec3d",37.2789297273699,26.1749160441116,36.5461542285186
2017,3,"58504f5d006cb93ed40eec3e",27.8034176222662,36.3047811332385,35.8918012444953
2017,3,"58504f5d006cb93ed40eec3f",31.9748274764607,27.4551280009766,40.5700445225627
2017,3,"58504f5d006cb93ed40eec40",35.8671501841345,35.3518906842204,28.7809591316451
2017,3,"58504f5d006cb93ed40eec41",30.1765702802391,30.1244790941857,39.6989506255752
2017,3,"58504f5d006cb93ed40eec42",23.9915224021507,39.9814082010148,36.0270693968345
2017,3,"58504f5d006cb93ed40eec43",35.655731410895,40.0358712638138,24.3083973252912
2017,3,"58504f5d006cb93ed40eec44",32.9752991978884,31.5139939534142,35.5107068486974
2017,3,"58504f5d006cb93ed40eec45",29.3074914185029,23.8826563617641,46.809852219733
2017,3,"58504f5d006cb93ed40eec46",30.9226029939089,35.5124828849223,33.5649141211688
2017,3,"58504f5d006cb93ed40eec47",30.7419912163325,45.3726598176108,23.8853489660567
2017,3,"58504f5d006cb93ed40eec48",31.2025360711364,33.5475370262164,35.2499269026472
2017,3,"58504f5d006cb93ed40eec49",28.9500658562,37.8119335180918,33.2380006257081
2017,3,"58504f5d006cb93ed40eec4a",28.433255587839,36.6080215391394,34.9587228730216
2017,3,"58504f5d006cb93ed40eec4b",25.6960864033074,30.1211790709737,44.1827345257189
2017,3,"58504f5d006cb93ed40eec4c",36.0844626545675,33.0825438605842,30.8329934848483
2017,3,"58504f5d006cb93ed40eec4d",29.4995324991248,29.1465543314062,41.353913169469
2017,3,"58504f5d006cb93ed40eec4e",35.230440215118,24.474467359364,40.295092425518
2017,3,"58504f5d006cb93ed40eec4f",30.3161108186178,21.6918851208964,47.9920040604859
2017,3,"58504f5d006cb93ed40eec50",22.4639276261317,46.7405830110796,30.7954893627887
2017,3,"58504f5d006cb93ed40eec51",32.3385472432067,37.2046873591638,30.4567653976295
2017,3,"58504f5d006cb93ed40eec52",32.2738286871283,43.2648835697615,24.4612877431102
2017,3,"58504f5d006cb93ed40eec53",33.3902525993028,27.7353092965451,38.8744381041521
2017,3,"58504f5d006cb93ed40eec54",36.6569131255956,28.9575499836405,34.3855368907639
2017,3,"58504f5d006cb93ed40eec55",30.2476546126781,40.050183117178,29.7021622701439
2017,3,"58504f5d006cb93ed40eec56",30.9556867739114,33.8544118272752,35.1899013988134
2017,3,"58504f5d006cb93ed40eec57",30.683589196046,36.6145553920134,32.7018554119406
2017,3,"58504f5d006cb93ed40eec58",33.0964696512897,37.6284612820809,29.2750690666294
2017,3,"58504f5d006cb93ed40eec59",31.2161056669066,36.4792432130769,32.3046511200165
2017,3,"58504f5d006cb93ed40eec5a",32.0137437569773,32.2996934850752,35.6865627579474
2017,4,"58504f5d006cb93ed40eec39",23.8076248489224,24.7325092344018,51.4598659166758
2017,4,"58504f5d006cb93ed40eec3a",20.651743646227,22.8186056037599,56.5296507500132
2017,4,"58504f5d006cb93ed40eec3b",16.3105266303458,22.2944397115017,61.3950336581526
2017,4,"58504f5d006cb93ed40eec3c",41.4075102818609,31.2261640926738,27.3663256254654
2017,4,"58504f5d006cb93ed40eec3d",22.1770885197016,19.8488968192713,57.974014661027
2017,4,"58504f5d006cb93ed40eec3e",17.4296072057659,34.4557621647626,48.1146306294716
2017,4,"58504f5d006cb93ed40eec3f",40.4172655180273,24.2272370345694,35.3554974474034
2017,4,"58504f5d006cb93ed40eec40",15.8139739011698,34.8082666369965,49.3777594618337
2017,4,"58504f5d006cb93ed40eec41",26.6022263924679,23.4943013977789,49.9034722097532
2017,4,"58504f5d006cb93ed40eec42",25.4489180451766,39.4334233957953,35.1176585590281
2017,4,"58504f5d006cb93ed40eec43",28.3443820504252,21.54908903919,50.1065289103848
2017,4,"58504f5d006cb93ed40eec44",8.59575667655395,24.2266193189221,67.1776240045239
2017,4,"58504f5d006cb93ed40eec45",11.4757408080328,14.1940167268672,74.3302424651001
2017,4,"58504f5d006cb93ed40eec46",23.132786083808,43.6595491533743,33.2076647628177
2017,4,"58504f5d006cb93ed40eec47",19.1379840545226,23.2392359539779,57.6227799914995
2017,4,"58504f5d006cb93ed40eec48",23.122432814885,18.543229881846,58.334337303269
2017,4,"58504f5d006cb93ed40eec49",14.9607211191179,31.6705669000216,53.3687119808605
2017,4,"58504f5d006cb93ed40eec4a",29.5218075531244,26.9494832162441,43.5287092306315
2017,4,"58504f5d006cb93ed40eec4b",27.324835183151,21.3099817168691,51.36518309998
2017,4,"58504f5d006cb93ed40eec4c",30.864519314801,33.0923322734475,36.0431484117515
2017,4,"58504f5d006cb93ed40eec4d",7.37263781184884,31.6757302306634,60.9516319574878
2017,4,"58504f5d006cb93ed40eec4e",16.2101139804703,37.2699488594881,46.5199371600416
2017,4,"58504f5d006cb93ed40eec4f",28.2886532605477,34.0086275302611,37.7027192091912
2017,4,"58504f5d006cb93ed40eec50",18.2928477665542,31.3066683546945,50.4004838787513
2017,4,"58504f5d006cb93ed40eec51",21.7946008669738,34.5839634241382,43.621435708888
2017,4,"58504f5d006cb93ed40eec52",21.068316772933,44.8499297625123,34.0817534645547
2017,4,"58504f5d006cb93ed40eec53",25.677354259726,29.8404162181649,44.4822295221091
2017,4,"58504f5d006cb93ed40eec54",12.7534472383955,32.760274347837,54.4862784137675
2017,4,"58504f5d006cb93ed40eec55",21.4353051338958,32.9056797666025,45.6590150995017
2017,4,"58504f5d006cb93ed40eec56",23.5837780615962,22.2985204808393,54.1177014575645
2017,4,"58504f5d006cb93ed40eec57",11.0835219234961,26.0193497233536,62.8971283531503
2017,4,"58504f5d006cb93ed40eec58",22.1678496688778,24.9208973730978,52.9112529580243
2017,4,"58504f5d006cb93ed40eec59",19.0184384059255,26.279385278492,54.7021763155825
2017,4,"58504f5d006cb93ed40eec5a",13.2721946145662,27.4906488826579,59.237156502776
2017,5,"58504f5d006cb93ed40eec39",42.9342434714192,30.7202102724447,26.3455462561361
2017,5,"58504f5d006cb93ed40eec3a",41.3453103580761,37.9407641485532,20.7139254933708
2017,5,"58504f5d006cb93ed40eec3b",37.6649844719739,32.7434329306102,29.5915825974159
2017,5,"58504f5d006cb93ed40eec3c",37.2421312574085,33.8341783605502,28.9236903820414
2017,5,"58504f5d006cb93ed40eec3d",47.2990900966612,20.5187835629877,32.1821263403511
2017,5,"58504f5d006cb93ed40eec3e",33.1189144847491,39.2077035437948,27.6733819714561
2017,5,"58504f5d006cb93ed40eec3f",39.4273683343329,26.7559520814884,33.8166795841786
2017,5,"58504f5d006cb93ed40eec40",44.0608431542227,31.0456069547237,24.8935498910536
2017,5,"58504f5d006cb93ed40eec41",41.9879397139532,34.6517648343097,23.3602954517371
2017,5,"58504f5d006cb93ed40eec42",46.69001657935,25.4669013320043,27.8430820886458
2017,5,"58504f5d006cb93ed40eec43",41.2777312104692,37.4392182020358,21.283050587495
2017,5,"58504f5d006cb93ed40eec44",49.4203426260027,26.1887069771343,24.390950396863
2017,5,"58504f5d006cb93ed40eec45",39.9742619389299,20.990288828924,39.0354492321461
2017,5,"58504f5d006cb93ed40eec46",47.4469206479441,25.057000654673,27.4960786973828
2017,5,"58504f5d006cb93ed40eec47",32.4649075588236,50.2491755370999,17.2859169040764
2017,5,"58504f5d006cb93ed40eec48",44.6985391081872,30.3127135512907,24.9887473405221
2017,5,"58504f5d006cb93ed40eec49",43.7645793349576,33.0807321134297,23.1546885516128
2017,5,"58504f5d006cb93ed40eec4a",36.8457758069814,37.1122397192791,26.0419844737395
2017,5,"58504f5d006cb93ed40eec4b",40.4087306380771,30.6043019242407,28.9869674376822
2017,5,"58504f5d006cb93ed40eec4c",39.4820404246699,32.786340039885,27.7316195354451
2017,5,"58504f5d006cb93ed40eec4d",41.8770611693184,35.5552388290237,22.567700001658
2017,5,"58504f5d006cb93ed40eec4e",45.9894642732517,26.8450206173498,27.1655151093985
2017,5,"58504f5d006cb93ed40eec4f",39.0350384820354,31.7141779498982,29.2507835680664
2017,5,"58504f5d006cb93ed40eec50",41.8364174091945,31.0510681329847,27.1125144578208
2017,5,"58504f5d006cb93ed40eec51",50.3387575254734,13.8292705341444,35.8319719403823
2017,5,"58504f5d006cb93ed40eec52",49.8860288886218,25.84518520294,24.2687859084382
2017,5,"58504f5d006cb93ed40eec53",38.3908031914743,42.7665306275035,18.8426661810222
2017,5,"58504f5d006cb93ed40eec54",37.2161802356178,38.6721240095283,24.1116957548539
2017,5,"58504f5d006cb93ed40eec55",45.8611883607807,34.4518148949804,19.6869967442389
2017,5,"58504f5d006cb93ed40eec56",43.8522189801128,35.3278143260788,20.8199666938084
2017,5,"58504f5d006cb93ed40eec57",36.5342296069631,43.7746609324257,19.6911094606113
2017,5,"58504f5d006cb93ed40eec58",42.3958683997205,30.9481357159639,26.6559958843156
2017,5,"58504f5d006cb93ed40eec59",42.61821921616,27.2590029497242,30.1227778341158
2017,5,"58504f5d006cb93ed40eec5a",48.1400111880052,22.9154068566914,28.9445819553033
2017,6,"58504f5d006cb93ed40eec39",24.7156856355889,25.9144334993514,49.3698808650598
2017,6,"58504f5d006cb93ed40eec3a",28.3983187651214,25.7218595925373,45.8798216423413
2017,6,"58504f5d006cb93ed40eec3b",22.6206681215208,26.5270330034823,50.8522988749969
2017,6,"58504f5d006cb93ed40eec3c",19.4273235348342,31.2430198498307,49.3296566153352
2017,6,"58504f5d006cb93ed40eec3d",24.1731340741927,33.7631849343751,42.0636809914322
2017,6,"58504f5d006cb93ed40eec3e",22.768828285323,28.7794848174666,48.4516868972104
2017,6,"58504f5d006cb93ed40eec3f",17.6612620843853,44.3747289892996,37.964008926315
2017,6,"58504f5d006cb93ed40eec40",30.4939808632262,18.2129871955381,51.2930319412358
2017,6,"58504f5d006cb93ed40eec41",21.9072514468745,34.7069524224284,43.3857961306971
2017,6,"58504f5d006cb93ed40eec42",27.4195924696139,26.9061977213077,45.6742098090784
2017,6,"58504f5d006cb93ed40eec43",18.3122645959516,32.5162992745921,49.1714361294563
2017,6,"58504f5d006cb93ed40eec44",22.7703801181589,16.2849255817099,60.9446943001312
2017,6,"58504f5d006cb93ed40eec45",25.5228448119076,22.0403310193158,52.4368241687766
2017,6,"58504f5d006cb93ed40eec46",21.6276347324292,37.7184018774389,40.6539633901319
2017,6,"58504f5d006cb93ed40eec47",16.9316665486304,38.1560640457403,44.9122694056294
2017,6,"58504f5d006cb93ed40eec48",20.9324721313044,33.6586517252777,45.4088761434179
2017,6,"58504f5d006cb93ed40eec49",27.1085793610972,28.2983619205917,44.5930587183111
2017,6,"58504f5d006cb93ed40eec4a",30.4302144964055,26.9949586809035,42.5748268226911
2017,6,"58504f5d006cb93ed40eec4b",21.6350134362676,37.8385599623143,40.526426601418
2017,6,"58504f5d006cb93ed40eec4c",30.9291657356002,33.2190184807161,35.8518157836837
2017,6,"58504f5d006cb93ed40eec4d",25.4654341477115,25.6982794219647,48.8362864303238
2017,6,"58504f5d006cb93ed40eec4e",22.3331423735773,33.3892895470504,44.2775680793723
2017,6,"58504f5d006cb93ed40eec4f",34.5634462534646,22.391825553136,43.0447281933994
2017,6,"58504f5d006cb93ed40eec50",29.7782387932599,27.0082724635395,43.2134887432006
2017,6,"58504f5d006cb93ed40eec51",28.6571638964257,36.9917459960753,34.351090107499
2017,6,"58504f5d006cb93ed40eec52",20.9690347025416,27.201189493365,51.8297758040934
2017,6,"58504f5d006cb93ed40eec53",23.3298370416049,34.1799954935649,42.4901674648302
2017,6,"58504f5d006cb93ed40eec54",20.6851096300744,24.5991469171083,54.7157434528173
2017,6,"58504f5d006cb93ed40eec55",20.0792648869743,44.8719126648738,35.0488224481519
2017,6,"58504f5d006cb93ed40eec56",23.946516587707,42.9804354579235,33.0730479543695
2017,6,"58504f5d006cb93ed40eec57",24.6452238394516,19.6538783476643,55.7008978128841
2017,6,"58504f5d006cb93ed40eec58",21.4272291688988,40.7115194003986,37.8612514307026
2017,6,"58504f5d006cb93ed40eec59",21.5284227509817,26.2687300432622,52.202847205756
2017,6,"58504f5d006cb93ed40eec5a",30.0163367159162,30.5717977488773,39.4118655352065
2017,7,"58504f5d006cb93ed40eec39",10.7173325861179,30.7526848201873,58.5299825936948
2017,7,"58504f5d006cb93ed40eec3a",7.92478487106032,16.3494579279005,75.7257572010392
2017,7,"58504f5d006cb93ed40eec3b",13.3266095419808,25.1377987442475,61.5355917137717
2017,7,"58504f5d006cb93ed40eec3c",6.87226070187814,14.0401328161873,79.0876064819346
2017,7,"58504f5d006cb93ed40eec3d",8.24575809881212,13.1620670597986,78.5921748413892
2017,7,"58504f5d006cb93ed40eec3e",11.8181441048958,11.7333251305082,76.448530764596
2017,7,"58504f5d006cb93ed40eec3f",10.9980091530613,10.1477673283854,78.8542235185533
2017,7,"58504f5d006cb93ed40eec40",10.2193369895964,18.9543779851872,70.8262850252164
2017,7,"58504f5d006cb93ed40eec41",8.15001922374834,24.3935100677144,67.4564707085373
2017,7,"58504f5d006cb93ed40eec42",10.636853559106,22.8168474388831,66.5462990020109
2017,7,"58504f5d006cb93ed40eec43",6.59069163922089,22.4854403720523,70.9238679887268
2017,7,"58504f5d006cb93ed40eec44",6.45593556578113,16.6929910376833,76.8510733965356
2017,7,"58504f5d006cb93ed40eec45",6.91360261491485,16.971525363926,76.1148720211591
2017,7,"58504f5d006cb93ed40eec46",9.89176253835793,17.1502671625109,72.9579702991311
2017,7,"58504f5d006cb93ed40eec47",8.78232785265167,18.450974591734,72.7666975556143
2017,7,"58504f5d006cb93ed40eec48",8.85218455371657,31.2917838464758,59.8560315998076
2017,7,"58504f5d006cb93ed40eec49",8.38895973823859,39.0403620350792,52.5706782266822
2017,7,"58504f5d006cb93ed40eec4a",12.1974921683212,21.3036353096475,66.4988725220313
2017,7,"58504f5d006cb93ed40eec4b",6.86225219113579,30.9137281081313,62.2240197007329
2017,7,"58504f5d006cb93ed40eec4c",8.91176651126194,19.5751392030613,71.5130942856767
2017,7,"58504f5d006cb93ed40eec4d",9.81984431660229,9.5623025637665,80.6178531196312
2017,7,"58504f5d006cb93ed40eec4e",6.89270637915736,18.8419414622965,74.2653521585462
2017,7,"58504f5d006cb93ed40eec4f",7.53389091297225,36.5911469320047,55.874962155023
2017,7,"58504f5d006cb93ed40eec50",17.9631127990844,21.4010008672038,60.6358863337118
2017,7,"58504f5d006cb93ed40eec51",8.60745176726675,35.7854845123282,55.6070637204051
2017,7,"58504f5d006cb93ed40eec52",7.98130673257831,19.8708935732875,72.1477996941342
2017,7,"58504f5d006cb93ed40eec53",8.47948904634995,24.2178274281655,67.3026835254846
2017,7,"58504f5d006cb93ed40eec54",8.47982208734455,26.4217035795629,65.0984743330925
2017,7,"58504f5d006cb93ed40eec55",10.199131069473,32.0922444841559,57.7086244463711
2017,7,"58504f5d006cb93ed40eec56",9.20813943762359,18.585677225921,72.2061833364554
2017,7,"58504f5d006cb93ed40eec57",11.6409056122228,11.634422933812,76.7246714539652
2017,7,"58504f5d006cb93ed40eec58",6.39869850643168,24.2992281486273,69.302073344941
2017,7,"58504f5d006cb93ed40eec59",8.5370397347688,17.6417988278296,73.8211614374016
2017,7,"58504f5d006cb93ed40eec5a",10.9987502961001,21.5882681756382,67.4129815282617
2017,8,"58504f5d006cb93ed40eec39",16.462665001215,35.3173052781361,48.2200297206489
2017,8,"58504f5d006cb93ed40eec3a",20.2687827979858,28.6949266449343,51.0362905570799
2017,8,"58504f5d006cb93ed40eec3b",25.7187837694474,16.2262928782959,58.0549233522567
2017,8,"58504f5d006cb93ed40eec3c",12.0584917818476,35.9270509254978,52.0144572926546
2017,8,"58504f5d006cb93ed40eec3d",19.493947694014,17.9363910077335,62.5696612982525
2017,8,"58504f5d006cb93ed40eec3e",18.4223486585044,27.8143554646422,53.7632958768534
2017,8,"58504f5d006cb93ed40eec3f",14.7220506924051,48.4484221511722,36.8295271564227
2017,8,"58504f5d006cb93ed40eec40",17.2807123907225,28.8046733448013,53.9146142644762
2017,8,"58504f5d006cb93ed40eec41",23.2986843791021,27.7739067655339,48.927408855364
2017,8,"58504f5d006cb93ed40eec42",17.2981243933903,40.0206853072022,42.6811902994074
2017,8,"58504f5d006cb93ed40eec43",19.0888235453741,34.5188244010033,46.3923520536226
2017,8,"58504f5d006cb93ed40eec44",20.0202608985727,26.3870432482783,53.5926958531491
2017,8,"58504f5d006cb93ed40eec45",22.2617475680679,28.8393521788582,48.898900253074
2017,8,"58504f5d006cb93ed40eec46",18.6323209812036,32.8919011100017,48.4757779087947
2017,8,"58504f5d006cb93ed40eec47",14.7679257177724,32.5529369525028,52.6791373297248
2017,8,"58504f5d006cb93ed40eec48",23.1611973666799,14.8948392805971,61.943963352723
2017,8,"58504f5d006cb93ed40eec49",24.0614082965373,32.9730295471224,42.9655621563403
2017,8,"58504f5d006cb93ed40eec4a",24.918823547695,33.0880925979191,41.9930838543859
2017,8,"58504f5d006cb93ed40eec4b",19.7996074850471,17.6536004013345,62.5467921136184
2017,8,"58504f5d006cb93ed40eec4c",18.0743188040008,27.0451236224194,54.8805575735798
2017,8,"58504f5d006cb93ed40eec4d",15.9431442205159,49.3566194996379,34.7002362798462
2017,8,"58504f5d006cb93ed40eec4e",9.82574676747557,48.1054651173459,42.0687881151785
2017,8,"58504f5d006cb93ed40eec4f",22.9566671529563,35.3575927560167,41.685740091027
2017,8,"58504f5d006cb93ed40eec50",19.7639714027841,38.0348412520694,42.2011873451464
2017,8,"58504f5d006cb93ed40eec51",8.91222105779174,46.9132238178331,44.1745551243752
2017,8,"58504f5d006cb93ed40eec52",20.2264630892616,39.6217959733844,40.151740937354
2017,8,"58504f5d006cb93ed40eec53",21.1021055537181,15.4047090421267,63.4931854041551
2017,8,"58504f5d006cb93ed40eec54",23.2265331946418,21.5615629324187,55.2119038729395
2017,8,"58504f5d006cb93ed40eec55",20.4443525538376,18.8530627780545,60.7025846681079
2017,8,"58504f5d006cb93ed40eec56",18.272981186704,37.4337149737661,44.2933038395299
2017,8,"58504f5d006cb93ed40eec57",25.7703310720389,17.5812868784973,56.6483820494638
2017,8,"58504f5d006cb93ed40eec58",21.2465970665046,21.7867283637835,56.9666745697119
2017,8,"58504f5d006cb93ed40eec59",19.9969528376169,27.4859398318958,52.5171073304872
2017,8,"58504f5d006cb93ed40eec5a",23.6827290761059,27.9609525451074,48.3563183787867
2017,3,"58504f6a006cb93ed40eec73",44.475544780203,26.6930166192714,28.8314386005257
2017,3,"58504f6a006cb93ed40eec74",53.8265334676547,26.0493953627381,20.1240711696072
2017,3,"58504f6a006cb93ed40eec75",48.3717918958514,29.2040226762109,22.4241854279377
2017,3,"58504f6a006cb93ed40eec76",40.7483753016725,36.2055762237512,23.0460484745763
2017,3,"58504f6a006cb93ed40eec77",49.2601001960104,19.3776681709291,31.3622316330605
2017,3,"58504f6a006cb93ed40eec78",46.3174881813429,23.8770359862472,29.8054758324099
2017,3,"58504f6a006cb93ed40eec79",45.5062183508447,30.9618094229605,23.5319722261948
2017,3,"58504f6a006cb93ed40eec7a",48.4292315277024,25.0280191778464,26.5427492944512
2017,3,"58504f6a006cb93ed40eec7b",34.1561177973517,33.4110812548173,32.432800947831
2017,3,"58504f6a006cb93ed40eec7c",50.2513139956698,31.8443334927363,17.9043525115939
2017,3,"58504f6a006cb93ed40eec7d",45.9650295449189,35.7710021464931,18.2639683085881
2017,3,"58504f6a006cb93ed40eec7e",42.0325645140006,32.0720294619215,25.8954060240779
2017,3,"58504f6a006cb93ed40eec7f",39.3272323184141,35.490755870077,25.1820118115088
2017,3,"58504f6a006cb93ed40eec80",41.3372833038634,40.95863527478,17.7040814213566
2017,3,"58504f6a006cb93ed40eec81",44.2203424252109,30.5256191567308,25.2540384180583
2017,3,"58504f6a006cb93ed40eec82",44.2092174073577,35.6534604534829,20.1373221391594
2017,3,"58504f6a006cb93ed40eec83",41.0437227306326,35.704106592234,23.2521706771334
2017,3,"58504f6a006cb93ed40eec84",39.6336991899621,33.7308573014995,26.6354435085385
2017,3,"58504f6a006cb93ed40eec85",43.6120842253048,26.114368743275,30.2735470314203
2017,3,"58504f6a006cb93ed40eec86",49.9209465715136,20.550809951397,29.5282434770894
2017,3,"58504f6a006cb93ed40eec87",45.3586544078618,26.1849101908409,28.4564354012973
2017,3,"58504f6a006cb93ed40eec88",47.6230731127883,28.5478578293732,23.8290690578385
2017,3,"58504f6a006cb93ed40eec89",43.0900582429445,37.1933306730644,19.7166110839911
2017,3,"58504f6a006cb93ed40eec8a",45.3020300507346,13.7074935025801,40.9904764466852
2017,3,"58504f6a006cb93ed40eec8b",40.8841311698986,25.5387879748862,33.5770808552152
2017,3,"58504f6a006cb93ed40eec8c",45.9098687830806,23.3666322815363,30.7234989353832
2017,3,"58504f6a006cb93ed40eec8d",48.5456974996108,31.0992656878081,20.3550368125811
2017,4,"58504f6a006cb93ed40eec73",41.8084634017456,16.2374339596124,41.954102638642
2017,4,"58504f6a006cb93ed40eec74",34.508213372036,23.9228186145232,41.5689680134408
2017,4,"58504f6a006cb93ed40eec75",30.8689231166199,33.7926002827181,35.338476600662
2017,4,"58504f6a006cb93ed40eec76",32.0607014579302,26.4310818113185,41.5082167307513
2017,4,"58504f6a006cb93ed40eec77",34.109283223094,30.589510965697,35.301205811209
2017,4,"58504f6a006cb93ed40eec78",28.696114442427,31.6284399059482,39.6754456516248
2017,4,"58504f6a006cb93ed40eec79",30.8859324288754,41.8489510505175,27.2651165206071
2017,4,"58504f6a006cb93ed40eec7a",31.5975602906955,28.4234233240606,39.9790163852439
2017,4,"58504f6a006cb93ed40eec7b",27.9701820844437,35.1453047158312,36.8845131997251
2017,4,"58504f6a006cb93ed40eec7c",29.5845640009425,32.9598055718227,37.4556304272349
2017,4,"58504f6a006cb93ed40eec7d",32.8598888099022,36.6358867122453,30.5042244778525
2017,4,"58504f6a006cb93ed40eec7e",24.6337568098376,39.0783804497645,36.2878627403979
2017,4,"58504f6a006cb93ed40eec7f",26.4807985901007,36.0801226185185,37.4390787913808
2017,4,"58504f6a006cb93ed40eec80",25.8686310223762,39.9640877582221,34.1672812194017
2017,4,"58504f6a006cb93ed40eec81",27.2991061722766,29.7396651423599,42.9612286853636
2017,4,"58504f6a006cb93ed40eec82",29.6860594295137,26.9334058752035,43.3805346952828
2017,4,"58504f6a006cb93ed40eec83",31.8325375855805,33.680492648451,34.4869697659684
2017,4,"58504f6a006cb93ed40eec84",31.6403949155383,22.5600012353572,45.7996038491045
2017,4,"58504f6a006cb93ed40eec85",28.3231521307171,35.3315119342911,36.3453359349918
2017,4,"58504f6a006cb93ed40eec86",28.3538169069713,29.1876139702164,42.4585691228124
2017,4,"58504f6a006cb93ed40eec87",32.5156502282684,22.1479076691337,45.336442102598
2017,4,"58504f6a006cb93ed40eec88",20.8616659469706,43.7173059987523,35.4210280542771
2017,4,"58504f6a006cb93ed40eec89",21.5119763047053,33.3888589489782,45.0991647463165
2017,4,"58504f6a006cb93ed40eec8a",32.0912648572679,11.3575094420969,56.5512257006352
2017,4,"58504f6a006cb93ed40eec8b",25.1972345174507,41.7796924582412,33.0230730243081
2017,4,"58504f6a006cb93ed40eec8c",27.6840693199452,26.8427795316396,45.4731511484151
2017,4,"58504f6a006cb93ed40eec8d",30.7225387648016,34.0614070498664,35.216054185332
2017,5,"58504f6a006cb93ed40eec73",32.8040931714994,38.0245260979433,29.1713807305572
2017,5,"58504f6a006cb93ed40eec74",31.2927971976466,41.4892771561807,27.2179256461727
2017,5,"58504f6a006cb93ed40eec75",27.6513943372235,33.0237029665993,39.3249026961772
2017,5,"58504f6a006cb93ed40eec76",28.3947123615513,35.8828778629387,35.72240977551
2017,5,"58504f6a006cb93ed40eec77",32.6364389416195,32.3947926756519,34.9687683827286
2017,5,"58504f6a006cb93ed40eec78",33.592427377959,29.6586510269911,36.7489215950499
2017,5,"58504f6a006cb93ed40eec79",32.2602542919825,25.4067190331847,42.3330266748328
2017,5,"58504f6a006cb93ed40eec7a",30.6332976079409,42.4496032096204,26.9170991824387
2017,5,"58504f6a006cb93ed40eec7b",30.3855177177902,37.3001917624607,32.3142905197491
2017,5,"58504f6a006cb93ed40eec7c",37.3823605409608,26.0630531137688,36.5545863452705
2017,5,"58504f6a006cb93ed40eec7d",31.3869803294116,37.156764780098,31.4562548904904
2017,5,"58504f6a006cb93ed40eec7e",28.2432822549013,40.4764869667637,31.280230778335
2017,5,"58504f6a006cb93ed40eec7f",29.5995837177046,46.8502978556628,23.5501184266326
2017,5,"58504f6a006cb93ed40eec80",30.8193718386071,28.74614568949,40.4344824719029
2017,5,"58504f6a006cb93ed40eec81",34.2668317494319,33.9446518020149,31.7885164485532
2017,5,"58504f6a006cb93ed40eec82",24.2403169190591,43.0526711663433,32.7070119145976
2017,5,"58504f6a006cb93ed40eec83",34.5097536705387,29.4410355611509,36.0492107683103
2017,5,"58504f6a006cb93ed40eec84",34.8973301723933,21.8931388172836,43.2095310103231
2017,5,"58504f6a006cb93ed40eec85",37.9658053341416,30.4119848690985,31.6222097967599
2017,5,"58504f6a006cb93ed40eec86",27.1925274390716,35.3774287469885,37.4300438139399
2017,5,"58504f6a006cb93ed40eec87",33.385760333201,23.50029624606,43.113943420739
2017,5,"58504f6a006cb93ed40eec88",33.4016947373443,37.7646686287081,28.8336366339476
2017,5,"58504f6a006cb93ed40eec89",37.4114944344151,26.4922742412849,36.0962313243
2017,5,"58504f6a006cb93ed40eec8a",29.2966162456808,29.3110974112655,41.3922863430537
2017,5,"58504f6a006cb93ed40eec8b",27.2402398928355,43.4876151015265,29.272145005638
2017,5,"58504f6a006cb93ed40eec8c",28.4531861245797,36.1089468127314,35.4378670626888
2017,5,"58504f6a006cb93ed40eec8d",40.130607545745,22.1426145246392,37.7267779296157
2017,6,"58504f6a006cb93ed40eec73",34.8601119729512,13.1225717831344,52.0173162439144
2017,6,"58504f6a006cb93ed40eec74",27.0697865885761,30.4957932846071,42.4344201268169
2017,6,"58504f6a006cb93ed40eec75",27.9495278817346,30.3580132164069,41.6924589018584
2017,6,"58504f6a006cb93ed40eec76",35.4013088014889,16.0734835139582,48.5252076845529
2017,6,"58504f6a006cb93ed40eec77",23.0318000969772,39.9966952993814,36.9715046036414
2017,6,"58504f6a006cb93ed40eec78",25.3869031665595,27.4297682963722,47.1833285370683
2017,6,"58504f6a006cb93ed40eec79",29.72075320462,24.4856874668541,45.7935593285259
2017,6,"58504f6a006cb93ed40eec7a",28.0557666086508,34.0688175833981,37.8754158079511
2017,6,"58504f6a006cb93ed40eec7b",27.2089906514842,26.0609993583823,46.7300099901334
2017,6,"58504f6a006cb93ed40eec7c",25.1008556350146,42.173960365575,32.7251839994104
2017,6,"58504f6a006cb93ed40eec7d",42.8542372753852,15.4336716272218,41.712091097393
2017,6,"58504f6a006cb93ed40eec7e",14.2786249043716,50.1622103888592,35.5591647067692
2017,6,"58504f6a006cb93ed40eec7f",24.3066871125898,32.3203937307342,43.372919156676
2017,6,"58504f6a006cb93ed40eec80",31.2095078354598,23.4144472430869,45.3760449214534
2017,6,"58504f6a006cb93ed40eec81",20.5401366552618,45.8101409491014,33.6497223956368
2017,6,"58504f6a006cb93ed40eec82",24.5352055866003,39.8082472670961,35.6565471463037
2017,6,"58504f6a006cb93ed40eec83",29.5023975996339,31.3737617660606,39.1238406343056
2017,6,"58504f6a006cb93ed40eec84",29.8937274082561,33.9724915968949,36.1337809948489
2017,6,"58504f6a006cb93ed40eec85",31.1870499574275,33.491277105792,35.3216729367805
2017,6,"58504f6a006cb93ed40eec86",29.938108603091,23.9557832325704,46.1061081643386
2017,6,"58504f6a006cb93ed40eec87",26.4954225293932,40.4563248165662,33.0482526540406
2017,6,"58504f6a006cb93ed40eec88",26.3739678976816,39.5023806809359,34.1236514213825
2017,6,"58504f6a006cb93ed40eec89",24.3545398204984,36.3451337783355,39.3003264011661
2017,6,"58504f6a006cb93ed40eec8a",29.0941374297886,33.4517019390348,37.4541606311766
2017,6,"58504f6a006cb93ed40eec8b",23.8925011131317,30.6698772754545,45.4376216114137
2017,6,"58504f6a006cb93ed40eec8c",23.7572685601841,34.9501561014928,41.2925753383231
2017,6,"58504f6a006cb93ed40eec8d",26.0496970507565,33.9207686883124,40.0295342609312
2017,7,"58504f6a006cb93ed40eec73",21.9602507119713,20.5950817021563,57.4446675858724
2017,7,"58504f6a006cb93ed40eec74",20.8371860133072,19.715634918688,59.4471790680049
2017,7,"58504f6a006cb93ed40eec75",23.0978692431315,22.3611420477177,54.5409887091509
2017,7,"58504f6a006cb93ed40eec76",20.7629163851411,29.5671348041435,49.6699488107154
2017,7,"58504f6a006cb93ed40eec77",14.4232224869216,34.0223942244422,51.5543832886362
2017,7,"58504f6a006cb93ed40eec78",16.4311016592116,26.2999349960448,57.2689633447436
2017,7,"58504f6a006cb93ed40eec79",18.3461756773203,33.5444967697271,48.1093275529526
2017,7,"58504f6a006cb93ed40eec7a",24.4774688591824,40.2661487457507,35.2563823950669
2017,7,"58504f6a006cb93ed40eec7b",15.9601721398071,40.1670289756618,43.8727988845311
2017,7,"58504f6a006cb93ed40eec7c",16.8768441624508,36.3019580914939,46.8211977460553
2017,7,"58504f6a006cb93ed40eec7d",16.5944354224822,34.8512971363194,48.5542674411984
2017,7,"58504f6a006cb93ed40eec7e",16.5990844643835,35.6904347253421,47.7104808102744
2017,7,"58504f6a006cb93ed40eec7f",22.3883162807685,21.2437648849507,56.3679188342807
2017,7,"58504f6a006cb93ed40eec80",17.1802030855585,29.7185850417564,53.101211872685
2017,7,"58504f6a006cb93ed40eec81",11.7726694013479,54.2929728062277,33.9343577924244
2017,7,"58504f6a006cb93ed40eec82",17.2472408716857,22.6900120659648,60.0627470623495
2017,7,"58504f6a006cb93ed40eec83",12.7459795456429,42.3681787645592,44.885841689798
2017,7,"58504f6a006cb93ed40eec84",20.718414410731,20.5102139220158,58.7713716672532
2017,7,"58504f6a006cb93ed40eec85",14.4173938473358,34.8272127656913,50.7553933869729
2017,7,"58504f6a006cb93ed40eec86",17.0308739296541,30.2821517462594,52.6869743240866
2017,7,"58504f6a006cb93ed40eec87",17.8081534714435,27.1291648508822,55.0626816776742
2017,7,"58504f6a006cb93ed40eec88",18.6664472231471,30.1174417782942,51.2161109985586
2017,7,"58504f6a006cb93ed40eec89",12.2512531664182,39.4285963388039,48.320150494778
2017,7,"58504f6a006cb93ed40eec8a",7.60199176193422,39.2782973848674,53.1197108531984
2017,7,"58504f6a006cb93ed40eec8b",13.1319775536939,35.3970010861685,51.4710213601377
2017,7,"58504f6a006cb93ed40eec8c",19.4330055630289,24.5204372495464,56.0465571874247
2017,7,"58504f6a006cb93ed40eec8d",13.2948671018939,30.2114011036261,56.4937317944801
2017,8,"58504f6a006cb93ed40eec73",40.3872762904119,26.4752330152653,33.1374906943228
2017,8,"58504f6a006cb93ed40eec74",36.5893517077459,34.0161151302986,29.3945331619556
2017,8,"58504f6a006cb93ed40eec75",40.9921825039382,26.020882991703,32.9869345043588
2017,8,"58504f6a006cb93ed40eec76",46.0590161510469,23.325281265526,30.6157025834271
2017,8,"58504f6a006cb93ed40eec77",38.5357840525225,35.4861318582711,25.9780840892064
2017,8,"58504f6a006cb93ed40eec78",33.938908238053,47.9906149519385,18.0704768100085
2017,8,"58504f6a006cb93ed40eec79",35.1718766495073,50.9253827552783,13.9027405952145
2017,8,"58504f6a006cb93ed40eec7a",31.5853032068696,41.7318495118857,26.6828472812447
2017,8,"58504f6a006cb93ed40eec7b",35.8420862715662,48.9487381948999,15.2091755335339
2017,8,"58504f6a006cb93ed40eec7c",38.2149460228463,33.5578050128853,28.2272489642683
2017,8,"58504f6a006cb93ed40eec7d",41.1604079213621,25.3219269713294,33.5176651073085
2017,8,"58504f6a006cb93ed40eec7e",30.6116118031675,48.8316176317396,20.5567705650929
2017,8,"58504f6a006cb93ed40eec7f",36.5402522749465,41.5152933943453,21.9444543307081
2017,8,"58504f6a006cb93ed40eec80",36.5512845179218,36.0461957219913,27.4025197600869
2017,8,"58504f6a006cb93ed40eec81",35.6080452574035,39.3741776916218,25.0177770509747
2017,8,"58504f6a006cb93ed40eec82",40.9065131352269,30.8903266446226,28.2031602201505
2017,8,"58504f6a006cb93ed40eec83",40.8987527158692,33.4006502614137,25.7005970227171
2017,8,"58504f6a006cb93ed40eec84",41.1840398514823,32.4438810008071,26.3720791477106
2017,8,"58504f6a006cb93ed40eec85",33.6198522667225,39.9175604575416,26.4625872757359
2017,8,"58504f6a006cb93ed40eec86",41.8215995084505,38.5158121688521,19.6625883226973
2017,8,"58504f6a006cb93ed40eec87",40.7292302330314,23.6825816575017,35.5881881094669
2017,8,"58504f6a006cb93ed40eec88",44.0080516496364,31.2374267665061,24.7545215838575
2017,8,"58504f6a006cb93ed40eec89",41.4466713800865,36.59819808284,21.9551305370735
2017,8,"58504f6a006cb93ed40eec8a",41.0103416493474,28.0786082613684,30.9110500892842
2017,8,"58504f6a006cb93ed40eec8b",34.8526109919051,46.0962624262611,19.0511265818338
2017,8,"58504f6a006cb93ed40eec8c",41.1564466623451,25.4649411511885,33.3786121864664
2017,8,"58504f6a006cb93ed40eec8d",36.3001926712048,46.8408470944574,16.8589602343378
